match_id,date,team_1,team_2,score_1,score_2,event
2387352,2025-11-01,Aurora,Legacy,3,2,PGL Masters Bucharest 2025
2387349,2025-10-31,Aurora,GamerLegion,2,0,PGL Masters Bucharest 2025
2387346,2025-10-31,Aurora,B8,2,1,PGL Masters Bucharest 2025
2387344,2025-10-30,Aurora,Astralis,2,1,PGL Masters Bucharest 2025
2387336,2025-10-29,Aurora,SAW,1,2,PGL Masters Bucharest 2025
2387332,2025-10-28,Aurora,HEROIC,0,2,PGL Masters Bucharest 2025
2387324,2025-10-27,Aurora,Liquid,2,1,PGL Masters Bucharest 2025
2387104,2025-10-26,Aurora,fnatic,2,0,PGL Masters Bucharest 2025
2386808,2025-10-19,Aurora,The MongolZ,1,2,Thunderpick World Championship 2025
2386806,2025-10-18,Aurora,FURIA,0,2,Thunderpick World Championship 2025
2386805,2025-10-17,Aurora,Venom,2,1,Thunderpick World Championship 2025
2386802,2025-10-16,Aurora,Natus Vincere,1,2,Thunderpick World Championship 2025
2386799,2025-10-15,Aurora,Venom,2,0,Thunderpick World Championship 2025
2385962,2025-10-08,Aurora,FaZe,1,2,ESL Pro League Season 22
2385954,2025-10-07,Aurora,FURIA,1,2,ESL Pro League Season 22
2385947,2025-10-06,Aurora,Gentle Mates,2,0,ESL Pro League Season 22
2385941,2025-10-05,Aurora,Astralis,2,1,ESL Pro League Season 22
2385934,2025-10-04,Aurora,Natus Vincere,0,2,ESL Pro League Season 22
2385324,2025-09-19,Aurora,Liquid,0,2,FISSURE Playground 2
2385313,2025-09-15,Aurora,FURIA,2,0,FISSURE Playground 2
2385302,2025-09-14,Aurora,TYLOO,2,0,FISSURE Playground 2
2385293,2025-09-12,Aurora,Astralis,2,1,FISSURE Playground 2
2384388,2025-08-24,Aurora,The MongolZ,0,3,Esports World Cup 2025
2384386,2025-08-23,Aurora,Falcons,2,0,Esports World Cup 2025
2384384,2025-08-22,Aurora,HEROIC,2,0,Esports World Cup 2025
2384305,2025-08-20,Aurora,FaZe,2,1,Esports World Cup 2025
2384151,2025-08-14,Aurora,The MongolZ,0,2,BLAST Bounty 2025 Season 2 Finals
2384143,2025-08-10,Aurora,HEROIC,2,0,BLAST Bounty 2025 Season 2
2384134,2025-08-08,Aurora,FlyQuest,2,0,BLAST Bounty 2025 Season 2
2383836,2025-07-29,Aurora,FaZe,0,2,IEM Cologne 2025
2383833,2025-07-28,Aurora,Spirit,0,2,IEM Cologne 2025
2383763,2025-07-26,Aurora,Ninjas in Pyjamas,2,0,IEM Cologne 2025
2382607,2025-06-14,Aurora,MOUZ,1,2,BLAST.tv Austin Major 2025
2382598,2025-06-13,Aurora,G2,4,13,BLAST.tv Austin Major 2025
2382589,2025-06-12,Aurora,FURIA,7,13,BLAST.tv Austin Major 2025
2382437,2025-06-12,Aurora,FaZe,13,5,BLAST.tv Austin Major 2025
2382691,2025-05-23,Aurora,The MongolZ,0,2,IEM Dallas 2025
2382690,2025-05-21,Aurora,HEROIC,2,1,IEM Dallas 2025
2382688,2025-05-21,Aurora,Liquid,2,0,IEM Dallas 2025
2382686,2025-05-20,Aurora,NRG,2,0,IEM Dallas 2025
2382381,2025-05-19,Aurora,HEROIC,1,2,IEM Dallas 2025
2382250,2025-05-18,Aurora,FURIA,2,1,PGL Astana 2025
2382248,2025-05-17,Aurora,Astralis,1,2,PGL Astana 2025
2382244,2025-05-16,Aurora,The MongolZ,2,0,PGL Astana 2025
2382242,2025-05-14,Aurora,ODDIK,2,0,PGL Astana 2025
2382239,2025-05-13,Aurora,Natus Vincere,0,2,PGL Astana 2025
2382229,2025-05-12,Aurora,Ninjas in Pyjamas,2,1,PGL Astana 2025
2382224,2025-05-11,Aurora,HOTU,2,1,PGL Astana 2025
2382201,2025-05-10,Aurora,BIG,1,2,PGL Astana 2025
2381327,2025-04-11,Aurora,Complexity,1,2,PGL Bucharest 2025
2381320,2025-04-09,Aurora,Betclic,2,0,PGL Bucharest 2025
2381314,2025-04-08,Aurora,3DMAX,1,2,PGL Bucharest 2025
2381302,2025-04-07,Aurora,Legacy,2,0,PGL Bucharest 2025
2381255,2025-04-06,Aurora,paiN,2,1,PGL Bucharest 2025
2381205,2025-04-02,Aurora,Monte,2,0,ESL Challenger League Season 49 Europe
2381337,2025-04-02,Aurora,CYBERSHOKE,1,2,BetBoom LanDaLan 2 Closed Qualifier
2381134,2025-03-31,Aurora,1win,1,2,BetBoom LanDaLan 2 Closed Qualifier
2380796,2025-03-31,Aurora,Metizport,3,1,Galaxy Battle 2025 STARTER
2380794,2025-03-30,Aurora,ECLOT,2,0,Galaxy Battle 2025 STARTER
2380790,2025-03-28,Aurora,fnatic,2,1,Galaxy Battle 2025 STARTER
2380772,2025-03-26,Aurora,Spirit Academy,1,2,ESL Challenger League Season 49 Europe
2380784,2025-03-26,Aurora,Nexus,2,1,Galaxy Battle 2025 STARTER
2380748,2025-03-22,Aurora,Betclic,2,1,Galaxy Battle 2025 STARTER
2380412,2025-03-21,Aurora,OG,1,2,A1 Gaming League Season 10
2380745,2025-03-21,Aurora,Monte,2,0,Galaxy Battle 2025 STARTER
2380717,2025-03-18,Aurora,Sashi,2,1,ESL Challenger League Season 49 Europe
2380220,2025-03-18,Aurora,ECLOT,1,3,European Pro League Season 23
2380733,2025-03-17,Aurora,ECSTATIC,1,2,PGL Astana 2025 Europe Open Qualifier 2
2380730,2025-03-17,Aurora,LEON,2,1,PGL Astana 2025 Europe Open Qualifier 2
2380724,2025-03-17,Aurora,Hesta,16,14,PGL Astana 2025 Europe Open Qualifier 2
2380219,2025-03-17,Aurora,kONO,2,0,European Pro League Season 23
2380630,2025-03-17,Aurora,GUN5,0,2,Galaxy Battle 2025 STARTER
2380217,2025-03-16,Aurora,Leo,2,1,European Pro League Season 23
2380587,2025-03-15,Aurora,Zero Tenacity,2,0,Galaxy Battle 2025 STARTER
2380215,2025-03-15,Aurora,Permitta,2,0,European Pro League Season 23
2380321,2025-03-14,Aurora,BC.Game,0,2,A1 Gaming League Season 10
2380214,2025-03-14,Aurora,ECLOT,0,2,European Pro League Season 23
2380210,2025-03-13,Aurora,CPH Wolves,2,0,European Pro League Season 23
2380576,2025-03-11,Aurora,Sashi,1,2,Galaxy Battle 2025 STARTER
2380591,2025-03-11,Aurora,ECLOT,0,2,YaLLa Compass Winter 2025
2380318,2025-03-09,Aurora,Fire Flux,1,2,A1 Gaming League Season 10
2380202,2025-03-08,Aurora,Bad News Eagles,2,1,European Pro League Season 23
2380101,2025-03-04,Aurora,ENCE Academy,2,0,European Pro League Season 23
2379844,2025-03-01,Aurora,PARIVISION,0,2,CCT Season 2 Europe Series 20 Closed Qualifier
2379800,2025-02-26,Aurora,Rebels,2,1,ESL Challenger League Season 49 Europe
2379834,2025-02-25,Aurora,Iberian Soul,2,1,CCT Season 2 Europe Series 20 Closed Qualifier
2379723,2025-02-24,Aurora,WildLotus,2,0,CCT Season 2 Europe Series 20 Closed Qualifier
2379626,2025-02-23,Aurora,BC.Game,0,2,CCT Season 2 Europe Series 19 Closed Qualifier
2379621,2025-02-22,Aurora,EYEBALLERS,2,0,CCT Season 2 Europe Series 19 Closed Qualifier
2379474,2025-02-21,Aurora,OG,0,2,CCT Season 2 Europe Series 19 Closed Qualifier
2379599,2025-02-19,Aurora,FAVBET,2,1,ESL Challenger League Season 49 Europe
2379054,2025-02-09,Aurora,ALASKA,1,2,CCT Season 2 Europe Series 18 Closed Qualifier
2378938,2025-02-08,Aurora,ECLOT,3,1,European Pro League Season 22
2378937,2025-02-07,Aurora,Preasy,2,1,European Pro League Season 22
2378935,2025-02-06,Aurora,Alliance,2,0,European Pro League Season 22
2379012,2025-02-05,Aurora,UNiTY,2,1,CCT Season 2 Europe Series 18 Closed Qualifier
2378934,2025-02-05,Aurora,ENCE Academy,2,0,European Pro League Season 22
2378992,2025-02-04,Aurora,Ninjas in Pyjamas,2,1,CCT Season 2 Europe Series 18 Closed Qualifier
2378931,2025-02-03,Aurora,Preasy,0,1,European Pro League Season 22
2378926,2025-02-01,Aurora,Endpoint,2,1,European Pro League Season 22
