match_id,date,team_1,team_2,score_1,score_2,event
2377690,2024-12-02,Cloud9,Complexity,0,2,Perfect World Shanghai Major 2024 Opening Stage
2377682,2024-11-30,Cloud9,paiN,11,13,Perfect World Shanghai Major 2024 Opening Stage
2377671,2024-11-30,Cloud9,fnatic,13,5,Perfect World Shanghai Major 2024 Opening Stage
2377665,2024-11-30,Cloud9,Liquid,10,13,Perfect World Shanghai Major 2024 Opening Stage
2377025,2024-11-19,Cloud9,FaZe,1,2,Perfect World Shanghai Major 2024 Europe RMR A
2377016,2024-11-18,Cloud9,SINNERS,2,1,Perfect World Shanghai Major 2024 Europe RMR A
2377008,2024-11-17,Cloud9,Sangal,13,2,Perfect World Shanghai Major 2024 Europe RMR A
2377005,2024-11-17,Cloud9,Nemiga,13,5,Perfect World Shanghai Major 2024 Europe RMR A
2376941,2024-11-17,Cloud9,FaZe,8,13,Perfect World Shanghai Major 2024 Europe RMR A
