match_id,date,team_1,team_2,score_1,score_2,event
2386939,2025-11-02,ECSTATIC,Venom,0,2,CCT Season 3 Europe Series 9
2386937,2025-11-01,ECSTATIC,BC.Game,2,1,CCT Season 3 Europe Series 9
2386932,2025-10-31,ECSTATIC,kONO,2,0,CCT Season 3 Europe Series 9
2387188,2025-10-25,ECSTATIC,1win,0,2,ESL Challenger League Season 50 Europe Cup 4
2387009,2025-10-24,ECSTATIC,CYBERSHOKE,2,0,Winline Insight Season 9
2387172,2025-10-23,ECSTATIC,HAVU,1,2,ESL Challenger League Season 50 Europe Cup 4
2387007,2025-10-23,ECSTATIC,SINNERS,0,2,Winline Insight Season 9
2386999,2025-10-21,ECSTATIC,SPARTA,2,0,Winline Insight Season 9
2386433,2025-10-13,ECSTATIC,SINNERS,1,2,Exort The Proving Grounds Season 5
2386430,2025-10-12,ECSTATIC,Eternal Fire,2,0,Exort The Proving Grounds Season 5
2386423,2025-10-10,ECSTATIC,Oramond,2,0,Exort The Proving Grounds Season 5
2386334,2025-10-09,ECSTATIC,EYEBALLERS,1,2,CCT Season 3 Europe Series 8
2386667,2025-10-05,ECSTATIC,OG,1,2,Fragadelphia Blocktober 2025
2386666,2025-10-05,ECSTATIC,9INE,1,2,Fragadelphia Blocktober 2025
2386664,2025-10-04,ECSTATIC,Sharks,2,0,Fragadelphia Blocktober 2025
2386660,2025-10-04,ECSTATIC,Bounty Hunters,2,0,Fragadelphia Blocktober 2025
2386032,2025-09-27,ECSTATIC,Zero Tenacity,0,2,DraculaN Season 2
2386028,2025-09-26,ECSTATIC,OG,1,2,DraculaN Season 2
2386021,2025-09-26,ECSTATIC,Reason,2,0,DraculaN Season 2
2386012,2025-09-25,ECSTATIC,BIG Academy,2,1,DraculaN Season 2
2385471,2025-09-14,ECSTATIC,fnatic,2,1,Betclic Clash Summer 2025
2385470,2025-09-14,ECSTATIC,BIG,2,1,Betclic Clash Summer 2025
2385467,2025-09-13,ECSTATIC,Zero Tenacity,2,1,Betclic Clash Summer 2025
2385159,2025-09-09,ECSTATIC,PARIVISION,1,2,Thunderpick World Championship 2025 Closed Qualifier
2384836,2025-08-29,ECSTATIC,fnatic,0,2,BLAST Open London 2025
2384809,2025-08-27,ECSTATIC,FaZe,1,2,BLAST Open London 2025
2384681,2025-08-21,ECSTATIC,BetBoom,1,2,Exort The Proving Grounds Season 3
2384674,2025-08-19,ECSTATIC,HOTU,2,0,Exort The Proving Grounds Season 3
2384498,2025-08-17,ECSTATIC,PARIVISION,1,2,StarLadder StarSeries Fall 2025 Europe Closed Qualifier
2384495,2025-08-16,ECSTATIC,JiJieHao,2,0,StarLadder StarSeries Fall 2025 Europe Closed Qualifier
2384491,2025-08-15,ECSTATIC,TNL,2,1,StarLadder StarSeries Fall 2025 Europe Closed Qualifier
2384482,2025-08-14,ECSTATIC,JiJieHao,0,2,StarLadder StarSeries Fall 2025 Europe Closed Qualifier
2384404,2025-08-11,ECSTATIC,fnatic,0,2,CS Asia Championships 2025 Europe Open Qualifier
2384400,2025-08-10,ECSTATIC,Sangal,13,11,CS Asia Championships 2025 Europe Open Qualifier
2384130,2025-08-05,ECSTATIC,Liquid,0,2,BLAST Bounty 2025 Season 2
2383993,2025-08-03,ECSTATIC,VP.Prodigy,2,1,RES Showdown 2: BLAST Premier Rising Event
2383992,2025-08-02,ECSTATIC,fnatic,2,1,RES Showdown 2: BLAST Premier Rising Event
2383990,2025-08-01,ECSTATIC,Zero Tenacity,2,1,RES Showdown 2: BLAST Premier Rising Event
2383254,2025-06-15,ECSTATIC,Passion UA,1,2,Glitched Masters 2025
2383252,2025-06-15,ECSTATIC,Ninjas in Pyjamas,2,1,Glitched Masters 2025
2383249,2025-06-14,ECSTATIC,TNL,2,1,Glitched Masters 2025
2383245,2025-06-14,ECSTATIC,Johnny Speeds,2,1,Glitched Masters 2025
2383198,2025-06-14,ECSTATIC,9INE,1,2,Glitched Masters 2025
2383194,2025-06-13,ECSTATIC,EYEBALLERS,2,0,Glitched Masters 2025
2382633,2025-05-24,ECSTATIC,Alliance,2,1,Elisa Nordic Championship 2025
2382630,2025-05-23,ECSTATIC,Alliance,2,0,Elisa Nordic Championship 2025
2382624,2025-05-20,ECSTATIC,Johnny Speeds,2,1,Elisa Nordic Championship 2025
2382620,2025-05-20,ECSTATIC,Nordix,13,5,Elisa Nordic Championship 2025
2382527,2025-05-17,ECSTATIC,Nemiga,0,2,CCT Season 3 Europe Series 1
2382518,2025-05-15,ECSTATIC,BetBoom,2,1,CCT Season 3 Europe Series 1
2382462,2025-05-13,ECSTATIC,Astrum,2,1,CCT Season 3 Europe Series 1
2381550,2025-05-11,ECSTATIC,ENCE,2,1,A1 Gaming League Season 10
2382409,2025-05-11,ECSTATIC,TNL,0,1,CCT Season 3 Europe Series 1
2381549,2025-05-10,ECSTATIC,BetBoom,2,1,A1 Gaming League Season 10
2382294,2025-05-09,ECSTATIC,Monte,2,1,CCT Season 3 Europe Series 1
2382158,2025-05-07,ECSTATIC,Fire Flux,2,1,CCT Season 3 Europe Series 1
2382097,2025-05-07,ECSTATIC,NAVI Junior,1,2,Thunderpick World Championship 2025 European Series 1
2382095,2025-05-07,ECSTATIC,ENCE,2,0,Thunderpick World Championship 2025 European Series 1
2382093,2025-05-06,ECSTATIC,500,2,1,Thunderpick World Championship 2025 European Series 1
2381546,2025-05-04,ECSTATIC,Partizan,2,0,A1 Gaming League Season 10
2382083,2025-05-04,ECSTATIC,9INE,2,0,Thunderpick World Championship 2025 European Series 1
2381904,2025-04-30,ECSTATIC,TNL,0,2,Galaxy Battle 2025 Phase 1
2382052,2025-04-29,ECSTATIC,ECLOT,2,0,Thunderpick World Championship 2025 European Series 1
2381968,2025-04-29,ECSTATIC,RUSH B,2,0,Thunderpick World Championship 2025 European Series 1
2381900,2025-04-28,ECSTATIC,GUN5,2,1,Galaxy Battle 2025 Phase 1
2381893,2025-04-26,ECSTATIC,ECLOT,2,1,Galaxy Battle 2025 Phase 1
2381744,2025-04-20,ECSTATIC,Sangal,2,1,Galaxy Battle 2025 Phase 1
2381665,2025-04-18,ECSTATIC,Iberian Soul,1,2,Galaxy Battle 2025 Phase 1
2381539,2025-04-14,ECSTATIC,Monte,2,0,Galaxy Battle 2025 Phase 1
2381523,2025-04-12,ECSTATIC,Passion UA,1,0,A1 Gaming League Season 10
2381529,2025-04-11,ECSTATIC,Sashi,2,0,Galaxy Battle 2025 Phase 1
2380756,2025-03-30,ECSTATIC,Sashi,2,0,A1 Gaming League Season 10
2380795,2025-03-30,ECSTATIC,Metizport,0,2,Galaxy Battle 2025 STARTER
2380793,2025-03-29,ECSTATIC,RUSH B,2,0,Galaxy Battle 2025 STARTER
2380975,2025-03-28,ECSTATIC,ENCE,1,2,PGL Astana 2025 Europe Closed Qualifier
2380910,2025-03-27,ECSTATIC,GUN5,1,2,PGL Astana 2025 Europe Closed Qualifier
2380782,2025-03-25,ECSTATIC,Imperial Valkyries,2,0,Galaxy Battle 2025 STARTER
2380750,2025-03-23,ECSTATIC,Zero Tenacity,2,1,Galaxy Battle 2025 STARTER
2380415,2025-03-22,ECSTATIC,BC.Game,2,1,A1 Gaming League Season 10
2380742,2025-03-20,ECSTATIC,Sashi,0,2,Galaxy Battle 2025 STARTER
2380741,2025-03-19,ECSTATIC,WOPA,2,0,POWER Ligaen Season 28
2380633,2025-03-19,ECSTATIC,Betclic,2,0,Galaxy Battle 2025 STARTER
2380738,2025-03-18,ECSTATIC,WOPA,2,1,POWER Ligaen Season 28
2380736,2025-03-18,ECSTATIC,XI,2,0,POWER Ligaen Season 28
2380735,2025-03-17,ECSTATIC,Roler Coaster,13,10,PGL Astana 2025 Europe Open Qualifier 2
2380733,2025-03-17,ECSTATIC,Aurora,2,1,PGL Astana 2025 Europe Open Qualifier 2
2380729,2025-03-17,ECSTATIC,Betera,2,0,PGL Astana 2025 Europe Open Qualifier 2
2380721,2025-03-17,ECSTATIC,Preasy,13,6,PGL Astana 2025 Europe Open Qualifier 2
2380588,2025-03-16,ECSTATIC,Chimera,2,1,Galaxy Battle 2025 STARTER
2380323,2025-03-15,ECSTATIC,Rhyno,2,1,A1 Gaming League Season 10
2380543,2025-03-13,ECSTATIC,ENCE,1,2,CCT Season 2 Europe Series 20
2380580,2025-03-12,ECSTATIC,Fire Flux,1,2,Galaxy Battle 2025 STARTER
2380310,2025-03-08,ECSTATIC,NAVI Junior,2,0,CCT Season 2 Europe Series 20
2380313,2025-03-08,ECSTATIC,Monte,0,2,A1 Gaming League Season 10
2380152,2025-03-06,ECSTATIC,SINNERS,2,0,CCT Season 2 Europe Series 20
2379851,2025-03-04,ECSTATIC,GUN5,2,0,CCT Season 2 Europe Series 20
2379843,2025-03-01,ECSTATIC,Tricked,2,0,CCT Season 2 Europe Series 20 Closed Qualifier
2379838,2025-02-27,ECSTATIC,FAVBET,2,1,CCT Season 2 Europe Series 20 Closed Qualifier
2379727,2025-02-26,ECSTATIC,ALASKA,2,0,CCT Season 2 Europe Series 20 Closed Qualifier
2379618,2025-02-20,ECSTATIC,Iberian Soul,1,2,CCT Season 2 Europe Series 19 Closed Qualifier
