match_id,date,team_1,team_2,score_1,score_2,event
2386835,2025-10-15,Fluxo,paiN,1,2,CS Asia Championships 2025
2386823,2025-10-14,Fluxo,TYLOO,20,22,CS Asia Championships 2025
2386401,2025-10-05,Fluxo,ShindeN,2,0,Circuit X South America Season 1
2386399,2025-10-04,Fluxo,MIBR,1,2,Circuit X South America Season 1
2386397,2025-10-04,Fluxo,Imperial,2,1,Circuit X South America Season 1
2386391,2025-10-03,Fluxo,Yawara,2,1,Circuit X South America Season 1
2386389,2025-10-03,Fluxo,RED Canids,0,2,Circuit X South America Season 1
2386373,2025-10-03,Fluxo,Afundacao,2,0,Circuit X South America Season 1
2385922,2025-10-01,Fluxo,G2,1,2,ESL Pro League Season 22 Stage 1
2385918,2025-09-30,Fluxo,NRG,2,0,ESL Pro League Season 22 Stage 1
2385912,2025-09-29,Fluxo,FURIA,0,2,ESL Pro League Season 22 Stage 1
2385899,2025-09-28,Fluxo,Astralis,1,2,ESL Pro League Season 22 Stage 1
2385599,2025-09-15,Fluxo,BESTIA,0,2,CCT Season 3 South America Series 4
2385594,2025-09-14,Fluxo,Players,2,1,CCT Season 3 South America Series 4
2385374,2025-09-11,Fluxo,BESTIA,0,2,ESL Challenger League Season 50 South America Cup 2
2385362,2025-09-10,Fluxo,Players,2,0,ESL Challenger League Season 50 South America Cup 2
2385222,2025-09-09,Fluxo,ex-W7M,0,2,ESL Challenger League Season 50 South America Cup 2
2385283,2025-09-06,Fluxo,Wildcard,1,2,Fragadelphia Fragville 2025
2385269,2025-09-06,Fluxo,No Radar,2,0,Fragadelphia Fragville 2025
2384942,2025-08-28,Fluxo,BESTIA,1,2,ESL Challenger League Season 50 South America Cup 1
2384941,2025-08-27,Fluxo,Dusty Roots,1,0,ESL Challenger League Season 50 South America Cup 1
2384581,2025-08-26,Fluxo,ShindeN,2,0,ESL Challenger League Season 50 South America Cup 1
2384572,2025-08-20,Fluxo,Sharks,2,0,ESL Challenger League Season 50 South America Cup 1
2384630,2025-08-19,Fluxo,9z,2,0,CCT Season 3 South America Series 3
2384628,2025-08-19,Fluxo,Flamengo,2,1,CCT Season 3 South America Series 3
2384627,2025-08-18,Fluxo,BESTIA,2,1,CCT Season 3 South America Series 3
2384710,2025-08-17,Fluxo,Imperial,0,2,CS Asia Championships 2025 Americas Open Qualifier
2384709,2025-08-17,Fluxo,9z,1,0,CS Asia Championships 2025 Americas Open Qualifier
2384618,2025-08-16,Fluxo,R2,2,0,CCT Season 3 South America Series 3
2384459,2025-08-15,Fluxo,KRÜ,2,1,ESL Challenger League Season 50 South America Cup 1
2384449,2025-08-13,Fluxo,JERSA,1,0,ESL Challenger League Season 50 South America Cup 1
2384340,2025-08-12,Fluxo,Dusty Roots,0,2,ESL Challenger League Season 50 South America Cup 1
2384061,2025-08-02,Fluxo,ShindeN,1,2,CCT Season 3 South America Series 2
2384042,2025-07-27,Fluxo,ex-W7M,10,13,Ace SA Masters 2025 Season 2 Brazil Open Qualifier
2383882,2025-07-20,Fluxo,BLUEJAYS,2,0,Fragadelphia 19
2383880,2025-07-19,Fluxo,M80,0,2,Fragadelphia 19
2383879,2025-07-19,Fluxo,Marsborne,2,0,Fragadelphia 19
2383870,2025-07-19,Fluxo,BLUEJAYS,2,1,Fragadelphia 19
2383859,2025-07-18,Fluxo,InControl,2,0,Fragadelphia 19
2383559,2025-07-13,Fluxo,ODDIK,1,2,Thunderpick World Championship 2025 South America Series 2
2383557,2025-07-12,Fluxo,BESTIA,2,0,Thunderpick World Championship 2025 South America Series 2
2382359,2025-06-04,Fluxo,Chinggis Warriors,1,2,BLAST.tv Austin Major 2025 Stage 1
2382349,2025-06-03,Fluxo,Complexity,9,13,BLAST.tv Austin Major 2025 Stage 1
2382303,2025-06-03,Fluxo,FlyQuest,7,13,BLAST.tv Austin Major 2025 Stage 1
2382029,2025-05-11,Fluxo,Solid,3,0,ESL Challenger League Season 49 South America
2382026,2025-05-09,Fluxo,Solid,2,0,ESL Challenger League Season 49 South America
2382021,2025-05-07,Fluxo,Sharks,2,0,ESL Challenger League Season 49 South America
2382017,2025-05-06,Fluxo,Yawara,2,0,ESL Challenger League Season 49 South America
2381621,2025-04-16,Fluxo,Legacy,2,0,BLAST.tv Austin Major 2025 South America Regional Qualifier
2381605,2025-04-15,Fluxo,BESTIA,2,0,BLAST.tv Austin Major 2025 South America Regional Qualifier
2381488,2025-04-09,Fluxo,Sharks,5,13,ESL Challenger League Season 49 South America
2381483,2025-04-09,Fluxo,Sharks,13,9,ESL Challenger League Season 49 South America
2379539,2025-04-09,Fluxo,RED Canids,11,13,ESL Challenger League Season 49 South America
2379534,2025-04-09,Fluxo,RED Canids,13,9,ESL Challenger League Season 49 South America
2381475,2025-04-08,Fluxo,Solid,9,13,ESL Challenger League Season 49 South America
2381471,2025-04-08,Fluxo,Solid,11,13,ESL Challenger League Season 49 South America
2381366,2025-04-06,Fluxo,Imperial,0,2,FiReLEAGUE Buenos Aires 2025 Brazil Closed Qualifier
2381364,2025-04-05,Fluxo,ODDIK,2,1,FiReLEAGUE Buenos Aires 2025 Brazil Closed Qualifier
2381361,2025-04-04,Fluxo,Imperial,1,2,FiReLEAGUE Buenos Aires 2025 Brazil Closed Qualifier
2379567,2025-04-03,Fluxo,Swingers,13,9,ESL Challenger League Season 49 South America
2379562,2025-04-03,Fluxo,Swingers,8,13,ESL Challenger League Season 49 South America
2381356,2025-04-03,Fluxo,ODDIK,2,0,FiReLEAGUE Buenos Aires 2025 Brazil Closed Qualifier
2379550,2025-04-02,Fluxo,ODDIK,13,11,ESL Challenger League Season 49 South America
2379545,2025-04-02,Fluxo,ODDIK,13,4,ESL Challenger League Season 49 South America
2381235,2025-04-01,Fluxo,KRÜ,13,9,ESL Challenger League Season 49 South America
2379818,2025-04-01,Fluxo,KRÜ,13,5,ESL Challenger League Season 49 South America
2381128,2025-03-31,Fluxo,ODDIK,0,2,PGL Astana 2025 South America Closed Qualifier
2381125,2025-03-30,Fluxo,Solid,2,1,PGL Astana 2025 South America Closed Qualifier
2381113,2025-03-29,Fluxo,Dusty Roots,2,0,PGL Astana 2025 South America Closed Qualifier
2381097,2025-03-28,Fluxo,Prasso,2,0,PGL Astana 2025 South America Closed Qualifier
2380946,2025-03-27,Fluxo,2070,2,1,PGL Astana 2025 South America Closed Qualifier
2380445,2025-03-19,Fluxo,Floripa Stars,13,1,ESL Challenger League Season 49 South America
2380437,2025-03-19,Fluxo,Floripa Stars,13,2,ESL Challenger League Season 49 South America
2380428,2025-03-18,Fluxo,Bounty Hunters,13,7,ESL Challenger League Season 49 South America
2380422,2025-03-18,Fluxo,Bounty Hunters,6,13,ESL Challenger League Season 49 South America
2380385,2025-03-11,Fluxo,ShindeN,2,1,CCT Season 2 South America Series 8
2380383,2025-03-11,Fluxo,Swingers,2,0,CCT Season 2 South America Series 8
2379957,2025-03-10,Fluxo,Solid,0,2,PGL Bucharest 2025 South America Closed Qualifier
2380379,2025-03-10,Fluxo,ODDIK,2,0,CCT Season 2 South America Series 8
2379954,2025-03-09,Fluxo,Solid,2,0,PGL Bucharest 2025 South America Closed Qualifier
2379951,2025-03-08,Fluxo,GameHunters,2,0,PGL Bucharest 2025 South America Closed Qualifier
2380371,2025-03-08,Fluxo,Prasso,2,0,CCT Season 2 South America Series 8
2379946,2025-03-07,Fluxo,Fudidos e anonymous,2,0,PGL Bucharest 2025 South America Closed Qualifier
2379429,2025-02-22,Fluxo,Imperial,1,2,CCT Season 2 South America Series 7
2379426,2025-02-21,Fluxo,Solid,2,1,CCT Season 2 South America Series 7
2379416,2025-02-19,Fluxo,Yawara,2,1,CCT Season 2 South America Series 7
2379311,2025-02-12,Fluxo,Legacy,0,2,IEM Dallas 2025 South America Closed Qualifier
2379310,2025-02-12,Fluxo,Sharks,2,0,IEM Dallas 2025 South America Closed Qualifier
2379308,2025-02-11,Fluxo,Legacy,0,2,IEM Dallas 2025 South America Closed Qualifier
2379307,2025-02-11,Fluxo,Imperial,2,0,IEM Dallas 2025 South America Closed Qualifier
2379084,2025-02-08,Fluxo,Imperial,0,2,ACE SA Masters 2025 Season 1 - BLAST Premier Rising Event
2378827,2025-01-30,Fluxo,Bounty Hunters,0,2,CCT Season 2 South America Series 6
2378817,2025-01-28,Fluxo,UNO MILLE,13,6,ESL Challenger League Season 49 South America
2378811,2025-01-28,Fluxo,UNO MILLE,10,13,ESL Challenger League Season 49 South America
2378807,2025-01-27,Fluxo,GameHunters,16,13,ESL Challenger League Season 49 South America
2378802,2025-01-27,Fluxo,GameHunters,13,0,ESL Challenger League Season 49 South America
2378656,2025-01-24,Fluxo,Yawara,13,7,ESL Challenger League Season 49 South America
2378649,2025-01-24,Fluxo,Yawara,13,9,ESL Challenger League Season 49 South America
2378213,2025-01-16,Fluxo,Eternal Fire,0,2,BLAST Bounty 2025 Season 1
2377662,2024-11-30,Fluxo,ODDIK,2,1,CCT Season 2 South America Series 5
