match_id,date,team_1,team_2,score_1,score_2,event
2387381,2025-11-02,FURIA,Lynn Vision,2,0,IEM Chengdu 2025
2386809,2025-10-19,FURIA,Natus Vincere,3,2,Thunderpick World Championship 2025
2386806,2025-10-18,FURIA,Aurora,2,0,Thunderpick World Championship 2025
2386800,2025-10-16,FURIA,The MongolZ,2,0,Thunderpick World Championship 2025
2386796,2025-10-15,FURIA,OG,2,0,Thunderpick World Championship 2025
2385966,2025-10-10,FURIA,Vitality,1,2,ESL Pro League Season 22
2385954,2025-10-07,FURIA,Aurora,2,1,ESL Pro League Season 22
2385949,2025-10-06,FURIA,Inner Circle,2,0,ESL Pro League Season 22
2385945,2025-10-05,FURIA,G2,0,2,ESL Pro League Season 22
2385937,2025-10-04,FURIA,3DMAX,2,0,ESL Pro League Season 22
2385929,2025-10-02,FURIA,B8,2,1,ESL Pro League Season 22 Stage 1
2385925,2025-10-01,FURIA,M80,2,0,ESL Pro League Season 22 Stage 1
2385920,2025-09-30,FURIA,Legacy,0,2,ESL Pro League Season 22 Stage 1
2385912,2025-09-29,FURIA,Fluxo,2,0,ESL Pro League Season 22 Stage 1
2385904,2025-09-28,FURIA,HOTU,0,2,ESL Pro League Season 22 Stage 1
2385329,2025-09-21,FURIA,The MongolZ,3,2,FISSURE Playground 2
2385328,2025-09-20,FURIA,Falcons,2,0,FISSURE Playground 2
2385325,2025-09-19,FURIA,Astralis,2,0,FISSURE Playground 2
2385318,2025-09-16,FURIA,paiN,2,0,FISSURE Playground 2
2385313,2025-09-15,FURIA,Aurora,0,2,FISSURE Playground 2
2385304,2025-09-14,FURIA,G2,2,0,FISSURE Playground 2
2385297,2025-09-13,FURIA,Liquid,2,1,FISSURE Playground 2
2384855,2025-09-06,FURIA,G2,0,2,BLAST Open London 2025 Finals
2384850,2025-09-01,FURIA,MOUZ,2,0,BLAST Open London 2025
2384847,2025-08-30,FURIA,Spirit,2,0,BLAST Open London 2025
2384814,2025-08-28,FURIA,Legacy,2,1,BLAST Open London 2025
2384147,2025-08-09,FURIA,Liquid,1,2,BLAST Bounty 2025 Season 2
2384137,2025-08-07,FURIA,BIG,2,0,BLAST Bounty 2025 Season 2
2383840,2025-08-01,FURIA,MOUZ,1,2,IEM Cologne 2025
2383831,2025-07-29,FURIA,G2,2,0,IEM Cologne 2025
2383828,2025-07-28,FURIA,Falcons,2,1,IEM Cologne 2025
2383826,2025-07-27,FURIA,Astralis,2,0,IEM Cologne 2025
2383758,2025-07-26,FURIA,G2,0,2,IEM Cologne 2025
2383778,2025-07-25,FURIA,Astralis,2,0,IEM Cologne 2025 Stage 1
2383756,2025-07-23,FURIA,FlyQuest,2,1,IEM Cologne 2025 Stage 1
2383591,2025-07-17,FURIA,SAW,1,2,FISSURE Playground 1
2383589,2025-07-16,FURIA,Wildcard,2,0,FISSURE Playground 1
2383572,2025-07-15,FURIA,SAW,0,2,FISSURE Playground 1
2382613,2025-06-19,FURIA,paiN,1,2,BLAST.tv Austin Major 2025
2382601,2025-06-13,FURIA,Virtus.pro,2,0,BLAST.tv Austin Major 2025
2382589,2025-06-12,FURIA,Aurora,13,7,BLAST.tv Austin Major 2025
2382436,2025-06-12,FURIA,The MongolZ,13,11,BLAST.tv Austin Major 2025
2382584,2025-06-09,FURIA,B8,2,1,BLAST.tv Austin Major 2025 Stage 2
2382573,2025-06-08,FURIA,M80,13,8,BLAST.tv Austin Major 2025 Stage 2
2382440,2025-06-07,FURIA,paiN,11,13,BLAST.tv Austin Major 2025 Stage 2
2382430,2025-06-07,FURIA,Lynn Vision,13,4,BLAST.tv Austin Major 2025 Stage 2
2382680,2025-05-21,FURIA,GamerLegion,1,2,IEM Dallas 2025
2382678,2025-05-20,FURIA,Lynn Vision,2,0,IEM Dallas 2025
2382377,2025-05-19,FURIA,The MongolZ,0,2,IEM Dallas 2025
2382250,2025-05-18,FURIA,Aurora,1,2,PGL Astana 2025
2382249,2025-05-17,FURIA,Spirit,1,2,PGL Astana 2025
2382246,2025-05-16,FURIA,MIBR,2,0,PGL Astana 2025
2382235,2025-05-13,FURIA,ODDIK,2,0,PGL Astana 2025
2382227,2025-05-12,FURIA,MIBR,2,1,PGL Astana 2025
2382222,2025-05-11,FURIA,GamerLegion,2,1,PGL Astana 2025
2382203,2025-05-10,FURIA,The MongolZ,1,2,PGL Astana 2025
2381321,2025-04-09,FURIA,The MongolZ,0,2,PGL Bucharest 2025
2381310,2025-04-08,FURIA,Virtus.pro,0,2,PGL Bucharest 2025
2381306,2025-04-07,FURIA,Complexity,1,2,PGL Bucharest 2025
2381258,2025-04-06,FURIA,Betclic,2,0,PGL Bucharest 2025
2380117,2025-03-22,FURIA,M80,1,2,BLAST Open Lisbon 2025
2380007,2025-03-20,FURIA,Natus Vincere,0,2,BLAST Open Lisbon 2025
2380068,2025-03-10,FURIA,Falcons,1,2,ESL Pro League Season 21
2380061,2025-03-09,FURIA,MIBR,2,1,ESL Pro League Season 21
2380054,2025-03-08,FURIA,Liquid,0,2,ESL Pro League Season 21
2380042,2025-03-07,FURIA,MOUZ,1,2,ESL Pro League Season 21
2380038,2025-03-05,FURIA,M80,2,1,ESL Pro League Season 21 Stage 1
2380035,2025-03-04,FURIA,NRG,2,1,ESL Pro League Season 21 Stage 1
2380026,2025-03-03,FURIA,MIBR,0,2,ESL Pro League Season 21 Stage 1
2380018,2025-03-02,FURIA,SAW,1,2,ESL Pro League Season 21 Stage 1
2379996,2025-03-01,FURIA,Lynn Vision,2,0,ESL Pro League Season 21 Stage 1
2378901,2025-02-03,FURIA,Astralis,1,2,IEM Katowice 2025
2378785,2025-02-01,FURIA,Natus Vincere,0,2,IEM Katowice 2025
2378693,2025-01-31,FURIA,Wildcard,2,1,IEM Katowice 2025 Play-in
2378422,2025-01-29,FURIA,Imperial Valkyries,2,0,IEM Katowice 2025 Play-in
2378223,2025-01-19,FURIA,BetBoom,1,2,BLAST Bounty 2025 Season 1
2378217,2025-01-17,FURIA,Nemiga,2,1,BLAST Bounty 2025 Season 1
2377728,2024-12-08,FURIA,FaZe,1,2,Perfect World Shanghai Major 2024
2377725,2024-12-07,FURIA,paiN,2,1,Perfect World Shanghai Major 2024
2377713,2024-12-05,FURIA,Liquid,9,13,Perfect World Shanghai Major 2024
2377705,2024-12-05,FURIA,Vitality,13,16,Perfect World Shanghai Major 2024
2377699,2024-12-04,FURIA,Spirit,13,6,Perfect World Shanghai Major 2024
2377688,2024-12-02,FURIA,BIG,2,1,Perfect World Shanghai Major 2024 Opening Stage
2377681,2024-12-01,FURIA,Wildcard,16,14,Perfect World Shanghai Major 2024 Opening Stage
2377678,2024-11-30,FURIA,Imperial,13,11,Perfect World Shanghai Major 2024 Opening Stage
2377663,2024-11-29,FURIA,GamerLegion,8,13,Perfect World Shanghai Major 2024 Opening Stage
2376999,2024-11-15,FURIA,M80,2,0,Perfect World Shanghai Major 2024 Americas RMR
2376998,2024-11-15,FURIA,9z,2,0,Perfect World Shanghai Major 2024 Americas RMR
2376994,2024-11-14,FURIA,Liquid,1,2,Perfect World Shanghai Major 2024 Americas RMR
2376982,2024-11-12,FURIA,BOSS,13,1,Perfect World Shanghai Major 2024 Americas RMR
2376977,2024-11-12,FURIA,Case,13,5,Perfect World Shanghai Major 2024 Americas RMR
2376930,2024-11-12,FURIA,Legacy,17,19,Perfect World Shanghai Major 2024 Americas RMR
