match_id,date,team_1,team_2,score_1,score_2,event
2387381,2025-11-02,Lynn Vision,FURIA,0,2,IEM Chengdu 2025
2386832,2025-10-15,Lynn Vision,3DMAX,0,2,CS Asia Championships 2025
2386828,2025-10-14,Lynn Vision,GamerLegion,2,1,CS Asia Championships 2025
2386822,2025-10-14,Lynn Vision,MIBR,4,13,CS Asia Championships 2025
2385311,2025-09-15,Lynn Vision,Virtus.pro,0,2,FISSURE Playground 2
2385299,2025-09-14,Lynn Vision,The MongolZ,0,2,FISSURE Playground 2
2385295,2025-09-13,Lynn Vision,G2,0,2,FISSURE Playground 2
2384968,2025-08-31,Lynn Vision,TYLOO,1,2,Perfect World CS Challenge Series 1
2384967,2025-08-30,Lynn Vision,B8,2,1,Perfect World CS Challenge Series 1
2384965,2025-08-30,Lynn Vision,Rare Atom,2,1,Perfect World CS Challenge Series 1
2384569,2025-08-29,Lynn Vision,Rare Atom,2,0,ESL Challenger League Season 50 Asia-Pacific Cup 1
2384962,2025-08-29,Lynn Vision,3DMAX,0,2,Perfect World CS Challenge Series 1
2384567,2025-08-27,Lynn Vision,Rare Atom,2,1,ESL Challenger League Season 50 Asia-Pacific Cup 1
2384553,2025-08-14,Lynn Vision,The Huns,2,0,ESL Challenger League Season 50 Asia-Pacific Cup 1
2384405,2025-08-12,Lynn Vision,NomadS,2,0,ESL Challenger League Season 50 Asia-Pacific Cup 1
2384365,2025-08-11,Lynn Vision,MAXXPOWER,2,0,ESL Challenger League Season 50 Asia-Pacific Cup 1
2383603,2025-07-18,Lynn Vision,Astralis,0,2,FISSURE Playground 1
2383593,2025-07-16,Lynn Vision,paiN,2,1,FISSURE Playground 1
2383573,2025-07-15,Lynn Vision,3DMAX,2,0,FISSURE Playground 1
2382604,2025-06-14,Lynn Vision,Legacy,1,2,BLAST.tv Austin Major 2025
2382599,2025-06-13,Lynn Vision,The MongolZ,7,13,BLAST.tv Austin Major 2025
2382590,2025-06-12,Lynn Vision,Spirit,7,13,BLAST.tv Austin Major 2025
2382439,2025-06-12,Lynn Vision,Liquid,13,5,BLAST.tv Austin Major 2025
2382586,2025-06-10,Lynn Vision,B8,2,1,BLAST.tv Austin Major 2025 Stage 2
2382581,2025-06-09,Lynn Vision,paiN,0,2,BLAST.tv Austin Major 2025 Stage 2
2382571,2025-06-08,Lynn Vision,TYLOO,13,5,BLAST.tv Austin Major 2025 Stage 2
2382444,2025-06-07,Lynn Vision,Falcons,13,9,BLAST.tv Austin Major 2025 Stage 2
2382430,2025-06-07,Lynn Vision,FURIA,4,13,BLAST.tv Austin Major 2025 Stage 2
2382367,2025-06-06,Lynn Vision,NRG,2,0,BLAST.tv Austin Major 2025 Stage 1
2382364,2025-06-05,Lynn Vision,Chinggis Warriors,2,1,BLAST.tv Austin Major 2025 Stage 1
2382356,2025-06-04,Lynn Vision,Nemiga,10,13,BLAST.tv Austin Major 2025 Stage 1
2382348,2025-06-03,Lynn Vision,Wildcard,17,19,BLAST.tv Austin Major 2025 Stage 1
2382301,2025-06-03,Lynn Vision,Legacy,13,7,BLAST.tv Austin Major 2025 Stage 1
2382678,2025-05-20,Lynn Vision,FURIA,0,2,IEM Dallas 2025
2382378,2025-05-19,Lynn Vision,G2,0,2,IEM Dallas 2025
2382283,2025-05-16,Lynn Vision,TYLOO,0,2,Hero Esports Asian Champions League 2025
2382280,2025-05-11,Lynn Vision,JiJieHao,2,0,Hero Esports Asian Champions League 2025
2382278,2025-05-10,Lynn Vision,The Huns,2,0,Hero Esports Asian Champions League 2025
2382274,2025-05-08,Lynn Vision,JiJieHao,0,2,Hero Esports Asian Champions League 2025
2382271,2025-05-06,Lynn Vision,NinJa,2,0,Hero Esports Asian Champions League 2025
2381965,2025-05-04,Lynn Vision,TYLOO,3,1,ESL Challenger League Season 49 Asia-Pacific
2381962,2025-05-03,Lynn Vision,TYLOO,2,1,ESL Challenger League Season 49 Asia-Pacific
2381959,2025-04-30,Lynn Vision,The Huns,1,0,ESL Challenger League Season 49 Asia-Pacific
2381553,2025-04-16,Lynn Vision,TYLOO,2,1,BLAST.tv Austin Major 2025 China Regional Qualifier
2381551,2025-04-15,Lynn Vision,Rare Atom,2,0,BLAST.tv Austin Major 2025 China Regional Qualifier
2381401,2025-04-09,Lynn Vision,TYLOO,0,1,ESL Challenger League Season 49 Asia-Pacific
2381395,2025-04-09,Lynn Vision,TYLOO,0,1,ESL Challenger League Season 49 Asia-Pacific
2381391,2025-04-08,Lynn Vision,NomadS,13,7,ESL Challenger League Season 49 Asia-Pacific
2381385,2025-04-08,Lynn Vision,NomadS,13,1,ESL Challenger League Season 49 Asia-Pacific
2381179,2025-04-02,Lynn Vision,Just Swing,13,10,ESL Challenger League Season 49 Asia-Pacific
2381174,2025-04-02,Lynn Vision,Just Swing,13,3,ESL Challenger League Season 49 Asia-Pacific
2381170,2025-04-01,Lynn Vision,THE,13,9,ESL Challenger League Season 49 Asia-Pacific
2381164,2025-04-01,Lynn Vision,THE,13,8,ESL Challenger League Season 49 Asia-Pacific
2381035,2025-03-29,Lynn Vision,DogEvil,0,1,PGL Astana 2025 China Closed Qualifier
2381033,2025-03-29,Lynn Vision,Rare Atom,0,1,PGL Astana 2025 China Closed Qualifier
2381030,2025-03-28,Lynn Vision,TYLOO,2,0,PGL Astana 2025 China Closed Qualifier
2380933,2025-03-27,Lynn Vision,Shika,2,1,PGL Astana 2025 China Closed Qualifier
2380818,2025-03-26,Lynn Vision,harizma,13,7,ESL Challenger League Season 49 Asia-Pacific
2380811,2025-03-26,Lynn Vision,harizma,13,9,ESL Challenger League Season 49 Asia-Pacific
2380806,2025-03-25,Lynn Vision,-72c,13,3,ESL Challenger League Season 49 Asia-Pacific
2380799,2025-03-25,Lynn Vision,-72c,13,6,ESL Challenger League Season 49 Asia-Pacific
2380664,2025-03-19,Lynn Vision,Gods Reign,19,15,ESL Challenger League Season 49 Asia-Pacific
2380657,2025-03-19,Lynn Vision,Gods Reign,13,6,ESL Challenger League Season 49 Asia-Pacific
2380649,2025-03-18,Lynn Vision,The QUBE,13,2,ESL Challenger League Season 49 Asia-Pacific
2380642,2025-03-18,Lynn Vision,The QUBE,13,1,ESL Challenger League Season 49 Asia-Pacific
2380033,2025-03-04,Lynn Vision,paiN,1,2,ESL Pro League Season 21 Stage 1
2380023,2025-03-03,Lynn Vision,Housebets,2,0,ESL Pro League Season 21 Stage 1
2380014,2025-03-02,Lynn Vision,FlyQuest,0,2,ESL Pro League Season 21 Stage 1
2379996,2025-03-01,Lynn Vision,FURIA,0,2,ESL Pro League Season 21 Stage 1
2379709,2025-02-26,Lynn Vision,Rare Atom,13,10,ESL Challenger League Season 49 Asia-Pacific
2379704,2025-02-26,Lynn Vision,Rare Atom,3,13,ESL Challenger League Season 49 Asia-Pacific
2379452,2025-02-18,Lynn Vision,UR,13,8,ESL Challenger League Season 49 Asia-Pacific
2379448,2025-02-18,Lynn Vision,UR,13,1,ESL Challenger League Season 49 Asia-Pacific
2379193,2025-02-13,Lynn Vision,The Huns,1,2,BLAST Rising Asia 2025 Season 1
2379305,2025-02-12,Lynn Vision,ATOX,2,1,IEM Dallas 2025 Asia Closed Qualifier
2379304,2025-02-12,Lynn Vision,The Huns,2,0,IEM Dallas 2025 Asia Closed Qualifier
2379190,2025-02-12,Lynn Vision,UR,2,0,BLAST Rising Asia 2025 Season 1
2379303,2025-02-11,Lynn Vision,TYLOO,2,1,IEM Dallas 2025 Asia Closed Qualifier
2379301,2025-02-11,Lynn Vision,The Huns,1,2,IEM Dallas 2025 Asia Closed Qualifier
2378797,2025-01-28,Lynn Vision,The Huns,9,13,ESL Challenger League Season 49 Asia-Pacific
2378796,2025-01-28,Lynn Vision,The Huns,13,7,ESL Challenger League Season 49 Asia-Pacific
2378536,2025-01-24,Lynn Vision,FengDa,13,9,ESL Challenger League Season 49 Asia-Pacific
2378528,2025-01-24,Lynn Vision,FengDa,13,6,ESL Challenger League Season 49 Asia-Pacific
2378492,2025-01-21,Lynn Vision,Chinggis Warriors,13,6,ESL Challenger League Season 49 Asia-Pacific
2378486,2025-01-21,Lynn Vision,Chinggis Warriors,13,8,ESL Challenger League Season 49 Asia-Pacific
2378220,2025-01-11,Lynn Vision,Rare Atom,1,2,XSE Pro League 2025
2378201,2025-01-10,Lynn Vision,JiJieHao,2,0,XSE Pro League 2025
2376971,2024-11-13,Lynn Vision,FlyQuest,0,2,Perfect World Shanghai Major 2024 Asia RMR
2376969,2024-11-13,Lynn Vision,TALON,2,0,Perfect World Shanghai Major 2024 Asia RMR
2376967,2024-11-11,Lynn Vision,Alter Ego,2,1,Perfect World Shanghai Major 2024 Asia RMR
2376927,2024-11-11,Lynn Vision,DRILLAS,11,13,Perfect World Shanghai Major 2024 Asia RMR
