match_id,date,team_1,team_2,score_1,score_2,event
2387335,2025-10-28,MIBR,fnatic,0,2,PGL Masters Bucharest 2025
2387327,2025-10-27,MIBR,Astralis,0,2,PGL Masters Bucharest 2025
2387103,2025-10-26,MIBR,BetBoom,1,2,PGL Masters Bucharest 2025
2386831,2025-10-15,MIBR,Virtus.pro,0,2,CS Asia Championships 2025
2386830,2025-10-14,MIBR,Liquid,0,2,CS Asia Championships 2025
2386822,2025-10-14,MIBR,Lynn Vision,13,4,CS Asia Championships 2025
2386402,2025-10-05,MIBR,RED Canids,3,2,Circuit X South America Season 1
2386399,2025-10-04,MIBR,Fluxo,2,1,Circuit X South America Season 1
2386398,2025-10-04,MIBR,ODDIK,2,0,Circuit X South America Season 1
2386384,2025-10-02,MIBR,ShindeN,2,0,Circuit X South America Season 1
2386369,2025-10-02,MIBR,X7,2,0,Circuit X South America Season 1
2386112,2025-10-01,MIBR,Imperial,3,2,FERJEE Rush 2025
2386109,2025-09-30,MIBR,ODDIK,2,1,FERJEE Rush 2025
2386106,2025-09-29,MIBR,BESTIA,2,0,FERJEE Rush 2025
2386101,2025-09-28,MIBR,Crashers,2,0,FERJEE Rush 2025
2386093,2025-09-27,MIBR,RED Canids,1,2,FERJEE Rush 2025
2386085,2025-09-27,MIBR,Crashers,2,0,FERJEE Rush 2025
2385810,2025-09-22,MIBR,2GAME,2,1,ESL Challenger League Season 50 South America Cup 2
2385808,2025-09-20,MIBR,2GAME,2,0,ESL Challenger League Season 50 South America Cup 2
2385508,2025-09-17,MIBR,RED Canids,2,0,ESL Challenger League Season 50 South America Cup 2
2385370,2025-09-11,MIBR,Keyd Stars,2,0,ESL Challenger League Season 50 South America Cup 2
2385215,2025-09-09,MIBR,UnderDogs,2,1,ESL Challenger League Season 50 South America Cup 2
2384126,2025-08-06,MIBR,Virtus.pro,0,2,BLAST Bounty 2025 Season 2
2383780,2025-07-24,MIBR,HEROIC,0,2,IEM Cologne 2025 Stage 1
2383751,2025-07-23,MIBR,3DMAX,0,2,IEM Cologne 2025 Stage 1
2383597,2025-07-17,MIBR,Astralis,0,2,FISSURE Playground 1
2383595,2025-07-16,MIBR,Virtus.pro,2,0,FISSURE Playground 1
2383576,2025-07-15,MIBR,Astralis,0,2,FISSURE Playground 1
2382587,2025-06-10,MIBR,FaZe,0,2,BLAST.tv Austin Major 2025 Stage 2
2382582,2025-06-09,MIBR,Falcons,2,1,BLAST.tv Austin Major 2025 Stage 2
2382578,2025-06-08,MIBR,BetBoom,2,0,BLAST.tv Austin Major 2025 Stage 2
2382446,2025-06-07,MIBR,Nemiga,12,16,BLAST.tv Austin Major 2025 Stage 2
2382427,2025-06-07,MIBR,Legacy,10,13,BLAST.tv Austin Major 2025 Stage 2
2382246,2025-05-16,MIBR,FURIA,0,2,PGL Astana 2025
2382243,2025-05-14,MIBR,Virtus.pro,2,1,PGL Astana 2025
2382240,2025-05-13,MIBR,paiN,2,0,PGL Astana 2025
2382227,2025-05-12,MIBR,FURIA,1,2,PGL Astana 2025
2382219,2025-05-11,MIBR,The MongolZ,0,2,PGL Astana 2025
2382204,2025-05-10,MIBR,G2,2,1,PGL Astana 2025
2381764,2025-04-23,MIBR,Liquid,0,2,IEM Melbourne 2025
2381758,2025-04-22,MIBR,SAW,2,1,IEM Melbourne 2025
2381644,2025-04-21,MIBR,Natus Vincere,1,2,IEM Melbourne 2025
2380061,2025-03-09,MIBR,FURIA,1,2,ESL Pro League Season 21
2380048,2025-03-08,MIBR,Eternal Fire,0,2,ESL Pro League Season 21
2380040,2025-03-07,MIBR,Vitality,1,2,ESL Pro League Season 21
2380030,2025-03-04,MIBR,TYLOO,2,0,ESL Pro League Season 21 Stage 1
2380026,2025-03-03,MIBR,FURIA,2,0,ESL Pro League Season 21 Stage 1
2380021,2025-03-02,MIBR,GamerLegion,0,2,ESL Pro League Season 21 Stage 1
2379997,2025-03-01,MIBR,Nemiga,2,1,ESL Pro League Season 21 Stage 1
2379353,2025-02-17,MIBR,Astralis,1,2,PGL Cluj-Napoca 2025
2379343,2025-02-16,MIBR,3DMAX,0,2,PGL Cluj-Napoca 2025
2379339,2025-02-15,MIBR,Imperial Valkyries,2,0,PGL Cluj-Napoca 2025
2379331,2025-02-14,MIBR,Wildcard,0,2,PGL Cluj-Napoca 2025
2379090,2025-02-09,MIBR,Imperial,1,2,ACE SA Masters 2025 Season 1 - BLAST Premier Rising Event
2379089,2025-02-09,MIBR,Sharks,2,1,ACE SA Masters 2025 Season 1 - BLAST Premier Rising Event
2379087,2025-02-08,MIBR,Legacy,2,0,ACE SA Masters 2025 Season 1 - BLAST Premier Rising Event
2378696,2025-01-31,MIBR,Virtus.pro,0,2,IEM Katowice 2025 Play-in
2378691,2025-01-30,MIBR,3DMAX,0,2,IEM Katowice 2025 Play-in
2378418,2025-01-29,MIBR,Astralis,2,0,IEM Katowice 2025 Play-in
2378204,2025-01-14,MIBR,FlyQuest,0,2,BLAST Bounty 2025 Season 1
2377726,2024-12-07,MIBR,MOUZ,0,2,Perfect World Shanghai Major 2024
2377722,2024-12-07,MIBR,Liquid,1,2,Perfect World Shanghai Major 2024
2377717,2024-12-06,MIBR,Vitality,0,2,Perfect World Shanghai Major 2024
2377708,2024-12-05,MIBR,Natus Vincere,13,11,Perfect World Shanghai Major 2024
2377703,2024-12-05,MIBR,3DMAX,13,11,Perfect World Shanghai Major 2024
2377694,2024-12-03,MIBR,FlyQuest,2,0,Perfect World Shanghai Major 2024 Opening Stage
2377687,2024-12-02,MIBR,Rare Atom,2,1,Perfect World Shanghai Major 2024 Opening Stage
2377680,2024-11-30,MIBR,Passion UA,5,13,Perfect World Shanghai Major 2024 Opening Stage
2377674,2024-11-30,MIBR,The MongolZ,6,13,Perfect World Shanghai Major 2024 Opening Stage
2377664,2024-11-29,MIBR,Virtus.pro,13,7,Perfect World Shanghai Major 2024 Opening Stage
2376988,2024-11-13,MIBR,Complexity,2,0,Perfect World Shanghai Major 2024 Americas RMR
2376980,2024-11-12,MIBR,Imperial,13,9,Perfect World Shanghai Major 2024 Americas RMR
2376936,2024-11-12,MIBR,KRÜ,13,5,Perfect World Shanghai Major 2024 Americas RMR
