match_id,date,team_1,team_2,score_1,score_2,event
2387380,2025-11-03,Natus Vincere,Astralis,1,2,IEM Chengdu 2025
2386809,2025-10-19,Natus Vincere,FURIA,2,3,Thunderpick World Championship 2025
2386807,2025-10-18,Natus Vincere,The MongolZ,2,1,Thunderpick World Championship 2025
2386802,2025-10-16,Natus Vincere,Aurora,2,1,Thunderpick World Championship 2025
2386798,2025-10-15,Natus Vincere,Imperial,2,1,Thunderpick World Championship 2025
2385964,2025-10-10,Natus Vincere,MOUZ,1,2,ESL Pro League Season 22
2385960,2025-10-08,Natus Vincere,The MongolZ,2,0,ESL Pro League Season 22
2385955,2025-10-07,Natus Vincere,HOTU,2,0,ESL Pro League Season 22
2385948,2025-10-06,Natus Vincere,3DMAX,1,2,ESL Pro League Season 22
2385938,2025-10-05,Natus Vincere,Falcons,0,2,ESL Pro League Season 22
2385934,2025-10-04,Natus Vincere,Aurora,2,0,ESL Pro League Season 22
2385864,2025-09-23,Natus Vincere,FC Dynamo Kyiv,3,0,Showmatch CS
2385407,2025-09-21,Natus Vincere,Ninjas in Pyjamas,2,0,StarLadder StarSeries Fall 2025
2385404,2025-09-20,Natus Vincere,Ninjas in Pyjamas,2,0,StarLadder StarSeries Fall 2025
2385401,2025-09-19,Natus Vincere,Passion UA,2,0,StarLadder StarSeries Fall 2025
2385397,2025-09-18,Natus Vincere,9INE,2,1,StarLadder StarSeries Fall 2025
2384840,2025-08-31,Natus Vincere,M80,1,2,BLAST Open London 2025
2384839,2025-08-29,Natus Vincere,FaZe,0,2,BLAST Open London 2025
2384810,2025-08-27,Natus Vincere,fnatic,2,0,BLAST Open London 2025
2384301,2025-08-20,Natus Vincere,3DMAX,1,2,Esports World Cup 2025
2384145,2025-08-09,Natus Vincere,Astralis,1,2,BLAST Bounty 2025 Season 2
2384133,2025-08-06,Natus Vincere,TNL,2,1,BLAST Bounty 2025 Season 2
2383843,2025-08-02,Natus Vincere,Spirit,1,2,IEM Cologne 2025
2383841,2025-08-01,Natus Vincere,The MongolZ,2,0,IEM Cologne 2025
2383839,2025-07-29,Natus Vincere,FaZe,2,0,IEM Cologne 2025
2383837,2025-07-29,Natus Vincere,Ninjas in Pyjamas,2,1,IEM Cologne 2025
2383832,2025-07-28,Natus Vincere,MOUZ,0,2,IEM Cologne 2025
2383762,2025-07-26,Natus Vincere,FaZe,2,1,IEM Cologne 2025
2382616,2025-06-20,Natus Vincere,Vitality,0,2,BLAST.tv Austin Major 2025
2382609,2025-06-14,Natus Vincere,G2,2,1,BLAST.tv Austin Major 2025
2382600,2025-06-13,Natus Vincere,Spirit,0,2,BLAST.tv Austin Major 2025
2382591,2025-06-12,Natus Vincere,3DMAX,16,14,BLAST.tv Austin Major 2025
2382438,2025-06-12,Natus Vincere,Nemiga,13,7,BLAST.tv Austin Major 2025
2382245,2025-05-16,Natus Vincere,Astralis,1,2,PGL Astana 2025
2382239,2025-05-13,Natus Vincere,Aurora,2,0,PGL Astana 2025
2382231,2025-05-12,Natus Vincere,The MongolZ,0,2,PGL Astana 2025
2382223,2025-05-11,Natus Vincere,BIG,2,0,PGL Astana 2025
2382205,2025-05-10,Natus Vincere,M80,2,0,PGL Astana 2025
2381767,2025-04-23,Natus Vincere,Liquid,1,2,IEM Melbourne 2025
2381763,2025-04-23,Natus Vincere,FlyQuest,2,1,IEM Melbourne 2025
2381760,2025-04-22,Natus Vincere,Falcons,1,2,IEM Melbourne 2025
2381644,2025-04-21,Natus Vincere,MIBR,2,1,IEM Melbourne 2025
2380130,2025-03-28,Natus Vincere,Spirit,0,2,BLAST Open Lisbon 2025
2380128,2025-03-24,Natus Vincere,Eternal Fire,0,2,BLAST Open Lisbon 2025
2380119,2025-03-22,Natus Vincere,The MongolZ,2,1,BLAST Open Lisbon 2025
2380007,2025-03-20,Natus Vincere,FURIA,2,0,BLAST Open Lisbon 2025
2380073,2025-03-14,Natus Vincere,The MongolZ,0,2,ESL Pro League Season 21
2380067,2025-03-10,Natus Vincere,G2,2,0,ESL Pro League Season 21
2380060,2025-03-09,Natus Vincere,paiN,2,0,ESL Pro League Season 21
2380047,2025-03-08,Natus Vincere,TYLOO,2,1,ESL Pro League Season 21
2380041,2025-03-07,Natus Vincere,SAW,1,2,ESL Pro League Season 21
2378916,2025-02-08,Natus Vincere,Spirit,0,2,IEM Katowice 2025
2378912,2025-02-04,Natus Vincere,The MongolZ,2,0,IEM Katowice 2025
2378903,2025-02-03,Natus Vincere,Spirit,2,1,IEM Katowice 2025
2378785,2025-02-01,Natus Vincere,FURIA,2,0,IEM Katowice 2025
2378459,2025-01-25,Natus Vincere,Spirit,0,2,BLAST Bounty 2025 Season 1 Finals
2378455,2025-01-24,Natus Vincere,paiN,2,1,BLAST Bounty 2025 Season 1 Finals
2378229,2025-01-18,Natus Vincere,Astralis,2,0,BLAST Bounty 2025 Season 1
2378215,2025-01-16,Natus Vincere,Imperial Valkyries,2,0,BLAST Bounty 2025 Season 1
2377727,2024-12-08,Natus Vincere,HEROIC,1,2,Perfect World Shanghai Major 2024
2377723,2024-12-07,Natus Vincere,GamerLegion,2,0,Perfect World Shanghai Major 2024
2377712,2024-12-05,Natus Vincere,Spirit,2,13,Perfect World Shanghai Major 2024
2377708,2024-12-05,Natus Vincere,MIBR,11,13,Perfect World Shanghai Major 2024
2377697,2024-12-04,Natus Vincere,Liquid,13,10,Perfect World Shanghai Major 2024
2377018,2024-11-19,Natus Vincere,SAW,2,0,Perfect World Shanghai Major 2024 Europe RMR A
2377012,2024-11-18,Natus Vincere,MOUZ,1,2,Perfect World Shanghai Major 2024 Europe RMR A
2377000,2024-11-17,Natus Vincere,SINNERS,13,5,Perfect World Shanghai Major 2024 Europe RMR A
2376938,2024-11-16,Natus Vincere,fnatic,13,9,Perfect World Shanghai Major 2024 Europe RMR A
