match_id,date,team_1,team_2,score_1,score_2,event
2386258,2025-09-30,Passion UA,EYEBALLERS,2,1,Urban Riga Open Season 1
2386253,2025-09-30,Passion UA,EYEBALLERS,2,1,Urban Riga Open Season 1
2386250,2025-09-30,Passion UA,BIG,2,1,Urban Riga Open Season 1
2386247,2025-09-30,Passion UA,Fingers Crossed,2,1,Urban Riga Open Season 1
2386036,2025-09-28,Passion UA,OG,1,2,DraculaN Season 2
2386035,2025-09-28,Passion UA,BASEMENT BOYS,2,1,DraculaN Season 2
2386034,2025-09-27,Passion UA,Zero Tenacity,2,1,DraculaN Season 2
2386031,2025-09-27,Passion UA,GenOne,2,1,DraculaN Season 2
2386027,2025-09-26,Passion UA,BASEMENT BOYS,0,2,DraculaN Season 2
2386020,2025-09-26,Passion UA,Zero Tenacity,2,0,DraculaN Season 2
2386009,2025-09-25,Passion UA,MANA,2,0,DraculaN Season 2
2385403,2025-09-20,Passion UA,B8,0,2,StarLadder StarSeries Fall 2025
2385401,2025-09-19,Passion UA,Natus Vincere,0,2,StarLadder StarSeries Fall 2025
2385396,2025-09-18,Passion UA,Gentle Mates,2,0,StarLadder StarSeries Fall 2025
2384759,2025-08-30,Passion UA,9INE,0,2,DraculaN Season 1
2384753,2025-08-29,Passion UA,Monte,0,2,DraculaN Season 1
2384676,2025-08-18,Passion UA,CYBERSHOKE,0,1,Exort The Proving Grounds Season 3
2384489,2025-08-15,Passion UA,Ninjas in Pyjamas,0,1,StarLadder StarSeries Fall 2025 Europe Closed Qualifier
2384432,2025-08-13,Passion UA,Betclic,0,2,ESL Challenger League Season 50 Europe Cup 1
2384210,2025-08-13,Passion UA,500,1,2,Thunderpick World Championship 2025 European Series 2
2384477,2025-08-13,Passion UA,BIG,0,2,StarLadder StarSeries Fall 2025 Europe Closed Qualifier
2384205,2025-08-12,Passion UA,CPH Wolves,2,1,Thunderpick World Championship 2025 European Series 2
2384276,2025-08-11,Passion UA,Betera,1,2,ESL Challenger League Season 50 Europe Cup 1
2384402,2025-08-11,Passion UA,HEROIC,1,2,CS Asia Championships 2025 Europe Open Qualifier
2384398,2025-08-10,Passion UA,Nemiga,13,5,CS Asia Championships 2025 Europe Open Qualifier
2384394,2025-08-10,Passion UA,1win,13,7,CS Asia Championships 2025 Europe Open Qualifier
2384138,2025-08-06,Passion UA,Spirit,1,2,BLAST Bounty 2025 Season 2
2384158,2025-08-04,Passion UA,Monte,1,2,CCT Season 3 Europe Series 4
2384106,2025-08-02,Passion UA,Partizan,0,2,CCT Season 3 Europe Series 4
2384076,2025-07-31,Passion UA,SENZA,2,1,CCT Season 3 Europe Series 4
2383945,2025-07-29,Passion UA,Zero Tenacity,0,2,CCT Season 3 Europe Series 4
2383745,2025-07-20,Passion UA,RUBY,1,2,Whale Cup 2025
2383801,2025-07-16,Passion UA,PARIVISION,1,2,ESL Pro League Season 22 Europe Closed Qualifier
2383799,2025-07-15,Passion UA,fnatic,2,0,ESL Pro League Season 22 Europe Closed Qualifier
2383713,2025-07-15,Passion UA,TNL,1,2,ESL Pro League Season 22 Europe Closed Qualifier
2383710,2025-07-14,Passion UA,JiJieHao,2,0,ESL Pro League Season 22 Europe Closed Qualifier
2383542,2025-07-13,Passion UA,Iberian Soul,1,2,Exort The Proving Grounds Season 2
2383540,2025-07-12,Passion UA,Metizport,2,0,Exort The Proving Grounds Season 2
2383532,2025-07-10,Passion UA,FORZE Reload,2,1,Exort The Proving Grounds Season 2
2383233,2025-06-20,Passion UA,GUN5,0,2,CCT Season 3 Europe Series 3
2383256,2025-06-15,Passion UA,fnatic,2,0,Glitched Masters 2025
2383255,2025-06-15,Passion UA,9INE,2,1,Glitched Masters 2025
2383254,2025-06-15,Passion UA,ECSTATIC,2,1,Glitched Masters 2025
2383253,2025-06-15,Passion UA,Alliance,2,1,Glitched Masters 2025
2383250,2025-06-14,Passion UA,Sashi,2,0,Glitched Masters 2025
2383247,2025-06-14,Passion UA,Preasy,2,0,Glitched Masters 2025
2383196,2025-06-14,Passion UA,fnatic,0,2,Glitched Masters 2025
2383190,2025-06-13,Passion UA,Sangal,2,1,Glitched Masters 2025
2382874,2025-06-01,Passion UA,NAVI Junior,0,2,CCT Season 3 Europe Series 2
2382872,2025-05-31,Passion UA,CYBERSHOKE,2,1,CCT Season 3 Europe Series 2
2382867,2025-05-30,Passion UA,BC.Game,2,0,CCT Season 3 Europe Series 2
2382860,2025-05-28,Passion UA,Nexus,2,1,CCT Season 3 Europe Series 2
2382758,2025-05-27,Passion UA,Astrum,0,2,YaLLa Compass 2025 Contenders 1
2382857,2025-05-27,Passion UA,Sangal,0,1,CCT Season 3 Europe Series 2
2382720,2025-05-27,Passion UA,ENCE,1,2,Galaxy Battle 2025 Phase 2
2382756,2025-05-27,Passion UA,Spirit Academy,2,1,YaLLa Compass 2025 Contenders 1
2382753,2025-05-26,Passion UA,Iberian Soul,2,0,YaLLa Compass 2025 Contenders 1
2382796,2025-05-24,Passion UA,TNL,1,2,CCT Season 3 Europe Series 2
2382750,2025-05-23,Passion UA,CYBERSHOKE,2,0,YaLLa Compass 2025 Contenders 1
2382769,2025-05-23,Passion UA,Sashi,2,1,CCT Season 3 Europe Series 2
2382745,2025-05-21,Passion UA,AMKAL,2,0,YaLLa Compass 2025 Contenders 1
2382560,2025-05-21,Passion UA,SABRE,2,0,CCT Season 3 Europe Series 2
2382668,2025-05-20,Passion UA,Zero Tenacity,0,2,YaLLa Compass 2025 Contenders 1
2382706,2025-05-20,Passion UA,ECLOT,2,1,Galaxy Battle 2025 Phase 2
2382320,2025-05-19,Passion UA,ECLOT,0,2,Rainbet Cup 2025
2382513,2025-05-18,Passion UA,Spirit Academy,0,2,Galaxy Battle 2025 Phase 2
2382318,2025-05-16,Passion UA,fnatic,2,0,Rainbet Cup 2025
2382484,2025-05-15,Passion UA,Astrum,1,2,YaLLa Compass 2025 Contenders 1
2382397,2025-05-15,Passion UA,Sashi,2,1,Galaxy Battle 2025 Phase 2
2382315,2025-05-14,Passion UA,ENCE,2,0,Rainbet Cup 2025
2382465,2025-05-14,Passion UA,FAVBET,0,2,CCT Season 3 Europe Series 1
2382474,2025-05-13,Passion UA,Sashi,2,1,YaLLa Compass 2025 Contenders 1
2382461,2025-05-13,Passion UA,9INE,0,2,CCT Season 3 Europe Series 1
2382392,2025-05-12,Passion UA,Delta,2,0,Galaxy Battle 2025 Phase 2
2382408,2025-05-11,Passion UA,Partizan,2,0,CCT Season 3 Europe Series 1
2382291,2025-05-08,Passion UA,Fire Flux,2,0,CCT Season 3 Europe Series 1
2382069,2025-05-07,Passion UA,500,1,2,Tipsport Conquest of Prague 2025
2382152,2025-05-06,Passion UA,Nexus,0,2,CCT Season 3 Europe Series 1
2382089,2025-05-05,Passion UA,fnatic,0,2,Thunderpick World Championship 2025 European Series 1
2382061,2025-05-01,Passion UA,ECLOT,2,1,Tipsport Conquest of Prague 2025
2381905,2025-05-01,Passion UA,TNL,3,2,Galaxy Battle 2025 Phase 1
2381903,2025-04-30,Passion UA,NAVI Junior,2,1,Galaxy Battle 2025 Phase 1
2381932,2025-04-29,Passion UA,fnatic,1,2,Tipsport Conquest of Prague 2025
2381901,2025-04-29,Passion UA,9INE,2,1,Galaxy Battle 2025 Phase 1
2382051,2025-04-28,Passion UA,SABRE,2,0,Thunderpick World Championship 2025 European Series 1
2381967,2025-04-28,Passion UA,Zero Tenacity,2,1,Thunderpick World Championship 2025 European Series 1
2381896,2025-04-27,Passion UA,Fire Flux,2,0,Galaxy Battle 2025 Phase 1
2381890,2025-04-25,Passion UA,NAVI Junior,13,10,Tipsport Conquest of Prague 2025
2381880,2025-04-23,Passion UA,Sashi,13,3,Tipsport Conquest of Prague 2025
2381523,2025-04-12,Passion UA,ECSTATIC,0,1,A1 Gaming League Season 10
2381294,2025-04-03,Passion UA,Complexity,8,13,YaLLa Compass Spring 2025 Closed Qualifier
2381290,2025-04-03,Passion UA,Nemiga,0,13,YaLLa Compass Spring 2025 Closed Qualifier
2381284,2025-04-03,Passion UA,Imperial Valkyries,13,3,YaLLa Compass Spring 2025 Closed Qualifier
2381278,2025-04-02,Passion UA,9 Pandas,10,13,YaLLa Compass Spring 2025 Closed Qualifier
2381272,2025-04-02,Passion UA,Metizport,14,16,YaLLa Compass Spring 2025 Closed Qualifier
2381009,2025-03-29,Passion UA,Fire Flux,1,2,PGL Astana 2025 Europe Closed Qualifier
2380791,2025-03-28,Passion UA,ECLOT,1,2,Galaxy Battle 2025 STARTER
2381004,2025-03-28,Passion UA,GTZ,2,1,PGL Astana 2025 Europe Closed Qualifier
2380920,2025-03-27,Passion UA,Ninjas in Pyjamas,0,2,PGL Astana 2025 Europe Closed Qualifier
2380783,2025-03-25,Passion UA,Sashi,2,0,Galaxy Battle 2025 STARTER
