match_id,date,team_1,team_2,score_1,score_2,event
2387379,2025-11-03,Spirit,paiN,2,0,IEM Chengdu 2025
2385965,2025-10-10,Spirit,FaZe,0,2,ESL Pro League Season 22
2385953,2025-10-06,Spirit,G2,2,0,ESL Pro League Season 22
2385942,2025-10-05,Spirit,HOTU,2,0,ESL Pro League Season 22
2385931,2025-10-04,Spirit,Inner Circle,2,1,ESL Pro League Season 22
2384851,2025-09-01,Spirit,G2,1,2,BLAST Open London 2025
2384848,2025-08-31,Spirit,Liquid,2,0,BLAST Open London 2025
2384847,2025-08-30,Spirit,FURIA,0,2,BLAST Open London 2025
2384813,2025-08-28,Spirit,FlyQuest,2,0,BLAST Open London 2025
2384306,2025-08-20,Spirit,HEROIC,1,2,Esports World Cup 2025
2384156,2025-08-17,Spirit,The MongolZ,3,0,BLAST Bounty 2025 Season 2 Finals
2384154,2025-08-16,Spirit,MOUZ,2,0,BLAST Bounty 2025 Season 2 Finals
2384153,2025-08-15,Spirit,Virtus.pro,2,0,BLAST Bounty 2025 Season 2 Finals
2384142,2025-08-09,Spirit,G2,2,1,BLAST Bounty 2025 Season 2
2384138,2025-08-06,Spirit,Passion UA,2,1,BLAST Bounty 2025 Season 2
2383844,2025-08-03,Spirit,MOUZ,3,0,IEM Cologne 2025
2383843,2025-08-02,Spirit,Natus Vincere,2,1,IEM Cologne 2025
2383838,2025-07-29,Spirit,MOUZ,2,1,IEM Cologne 2025
2383833,2025-07-28,Spirit,Aurora,2,0,IEM Cologne 2025
2383764,2025-07-27,Spirit,HEROIC,2,0,IEM Cologne 2025
2382614,2025-06-19,Spirit,MOUZ,1,2,BLAST.tv Austin Major 2025
2382600,2025-06-13,Spirit,Natus Vincere,2,0,BLAST.tv Austin Major 2025
2382590,2025-06-12,Spirit,Lynn Vision,13,7,BLAST.tv Austin Major 2025
2382434,2025-06-12,Spirit,paiN,13,3,BLAST.tv Austin Major 2025
2382251,2025-05-18,Spirit,Astralis,3,1,PGL Astana 2025
2382249,2025-05-17,Spirit,FURIA,2,1,PGL Astana 2025
2382247,2025-05-16,Spirit,Ninjas in Pyjamas,2,0,PGL Astana 2025
2382233,2025-05-12,Spirit,Astralis,2,0,PGL Astana 2025
2382225,2025-05-11,Spirit,Ninjas in Pyjamas,2,0,PGL Astana 2025
2382207,2025-05-10,Spirit,GamerLegion,2,0,PGL Astana 2025
2381917,2025-05-03,Spirit,Vitality,0,2,BLAST Rivals 2025 Season 1
2381915,2025-05-02,Spirit,Wildcard,2,0,BLAST Rivals 2025 Season 1
2381913,2025-05-01,Spirit,Falcons,1,2,BLAST Rivals 2025 Season 1
2381908,2025-04-30,Spirit,FlyQuest,2,0,BLAST Rivals 2025 Season 1
2380132,2025-03-29,Spirit,Vitality,1,2,BLAST Open Lisbon 2025
2380130,2025-03-28,Spirit,Natus Vincere,2,0,BLAST Open Lisbon 2025
2380127,2025-03-24,Spirit,Virtus.pro,2,0,BLAST Open Lisbon 2025
2380123,2025-03-23,Spirit,FaZe,2,0,BLAST Open Lisbon 2025
2380114,2025-03-21,Spirit,MOUZ,1,2,BLAST Open Lisbon 2025
2380000,2025-03-19,Spirit,The Huns,2,0,BLAST Open Lisbon 2025
2380077,2025-03-15,Spirit,MOUZ,1,2,ESL Pro League Season 21
2380075,2025-03-13,Spirit,Eternal Fire,2,1,ESL Pro League Season 21
2380057,2025-03-09,Spirit,The MongolZ,2,0,ESL Pro League Season 21
2380053,2025-03-08,Spirit,SAW,2,0,ESL Pro League Season 21
2380039,2025-03-07,Spirit,TYLOO,2,0,ESL Pro League Season 21
2378917,2025-02-09,Spirit,Vitality,0,3,IEM Katowice 2025
2378916,2025-02-08,Spirit,Natus Vincere,2,0,IEM Katowice 2025
2378914,2025-02-07,Spirit,Virtus.pro,2,0,IEM Katowice 2025
2378911,2025-02-04,Spirit,GamerLegion,2,1,IEM Katowice 2025
2378908,2025-02-04,Spirit,Liquid,2,0,IEM Katowice 2025
2378903,2025-02-03,Spirit,Natus Vincere,1,2,IEM Katowice 2025
2378784,2025-02-02,Spirit,Astralis,2,0,IEM Katowice 2025
2378460,2025-01-26,Spirit,Eternal Fire,3,1,BLAST Bounty 2025 Season 1 Finals
2378459,2025-01-25,Spirit,Natus Vincere,2,0,BLAST Bounty 2025 Season 1 Finals
2378457,2025-01-23,Spirit,HEROIC,2,0,BLAST Bounty 2025 Season 1 Finals
2378230,2025-01-18,Spirit,FlyQuest,2,0,BLAST Bounty 2025 Season 1
2378207,2025-01-14,Spirit,fnatic,2,0,BLAST Bounty 2025 Season 1
2377735,2024-12-15,Spirit,FaZe,2,1,Perfect World Shanghai Major 2024
2377733,2024-12-14,Spirit,MOUZ,2,1,Perfect World Shanghai Major 2024
2377730,2024-12-12,Spirit,Liquid,2,0,Perfect World Shanghai Major 2024
2377724,2024-12-07,Spirit,HEROIC,2,1,Perfect World Shanghai Major 2024
2377712,2024-12-05,Spirit,Natus Vincere,13,2,Perfect World Shanghai Major 2024
2377706,2024-12-05,Spirit,Wildcard,13,6,Perfect World Shanghai Major 2024
2377699,2024-12-04,Spirit,FURIA,6,13,Perfect World Shanghai Major 2024
2377053,2024-11-24,Spirit,Ninjas in Pyjamas,2,0,Perfect World Shanghai Major 2024 Europe RMR B
2377051,2024-11-24,Spirit,Sashi,2,0,Perfect World Shanghai Major 2024 Europe RMR B
2377047,2024-11-23,Spirit,G2,1,2,Perfect World Shanghai Major 2024 Europe RMR B
2377035,2024-11-21,Spirit,Aurora,13,7,Perfect World Shanghai Major 2024 Europe RMR B
2377027,2024-11-21,Spirit,Passion UA,11,13,Perfect World Shanghai Major 2024 Europe RMR B
2376947,2024-11-20,Spirit,B8,13,1,Perfect World Shanghai Major 2024 Europe RMR B
