match_id,date,team_1,team_2,score_1,score_2,event
2387377,2025-11-02,TYLOO,Falcons,0,2,IEM Chengdu 2025
2386840,2025-10-16,TYLOO,FaZe,1,2,CS Asia Championships 2025
2386837,2025-10-15,TYLOO,fnatic,0,2,CS Asia Championships 2025
2386823,2025-10-14,TYLOO,Fluxo,22,20,CS Asia Championships 2025
2385317,2025-09-16,TYLOO,Liquid,1,2,FISSURE Playground 2
2385306,2025-09-15,TYLOO,The MongolZ,1,2,FISSURE Playground 2
2385302,2025-09-14,TYLOO,Aurora,0,2,FISSURE Playground 2
2385290,2025-09-12,TYLOO,GamerLegion,2,0,FISSURE Playground 2
2384969,2025-08-31,TYLOO,3DMAX,0,2,Perfect World CS Challenge Series 1
2384968,2025-08-31,TYLOO,Lynn Vision,2,1,Perfect World CS Challenge Series 1
2384964,2025-08-29,TYLOO,3DMAX,1,2,Perfect World CS Challenge Series 1
2384963,2025-08-29,TYLOO,B8,2,1,Perfect World CS Challenge Series 1
2384381,2025-08-21,TYLOO,Vitality,0,2,Esports World Cup 2025
2384300,2025-08-20,TYLOO,Astralis,2,1,Esports World Cup 2025
2384411,2025-08-12,TYLOO,Kaleido,0,1,ESL Challenger League Season 50 Asia-Pacific Cup 1
2384369,2025-08-11,TYLOO,L4S,0,1,ESL Challenger League Season 50 Asia-Pacific Cup 1
2383785,2025-07-25,TYLOO,3DMAX,0,2,IEM Cologne 2025 Stage 1
2383781,2025-07-24,TYLOO,Complexity,2,1,IEM Cologne 2025 Stage 1
2383754,2025-07-23,TYLOO,Virtus.pro,0,2,IEM Cologne 2025 Stage 1
2383607,2025-07-20,TYLOO,Astralis,3,1,FISSURE Playground 1
2383605,2025-07-19,TYLOO,SAW,2,0,FISSURE Playground 1
2383601,2025-07-18,TYLOO,3DMAX,2,0,FISSURE Playground 1
2383596,2025-07-16,TYLOO,Astralis,2,1,FISSURE Playground 1
2383575,2025-07-15,TYLOO,Virtus.pro,2,0,FISSURE Playground 1
2382579,2025-06-09,TYLOO,HEROIC,1,2,BLAST.tv Austin Major 2025 Stage 2
2382571,2025-06-08,TYLOO,Lynn Vision,5,13,BLAST.tv Austin Major 2025 Stage 2
2382442,2025-06-07,TYLOO,FaZe,5,13,BLAST.tv Austin Major 2025 Stage 2
2382431,2025-06-07,TYLOO,M80,13,9,BLAST.tv Austin Major 2025 Stage 2
2382369,2025-06-06,TYLOO,FlyQuest,2,1,BLAST.tv Austin Major 2025 Stage 1
2382361,2025-06-05,TYLOO,Complexity,2,0,BLAST.tv Austin Major 2025 Stage 1
2382355,2025-06-04,TYLOO,OG,4,13,BLAST.tv Austin Major 2025 Stage 1
2382352,2025-06-03,TYLOO,Metizport,13,4,BLAST.tv Austin Major 2025 Stage 1
2382300,2025-06-03,TYLOO,NRG,5,13,BLAST.tv Austin Major 2025 Stage 1
2382673,2025-05-18,TYLOO,Rare Atom,2,0,XSE Pro League Chengdu 2025
2382672,2025-05-17,TYLOO,Shika,2,0,XSE Pro League Chengdu 2025
2382283,2025-05-16,TYLOO,Lynn Vision,2,0,Hero Esports Asian Champions League 2025
2382281,2025-05-11,TYLOO,FlyQuest,2,0,Hero Esports Asian Champions League 2025
2382454,2025-05-10,TYLOO,DogEvil,2,0,XSE Pro League Chengdu 2025 Closed Qualifier
2382275,2025-05-09,TYLOO,FlyQuest,2,1,Hero Esports Asian Champions League 2025
2382272,2025-05-07,TYLOO,Rare Atom,2,0,Hero Esports Asian Champions League 2025
2382284,2025-05-06,TYLOO,Change The Game,2,1,XSE Pro League Chengdu 2025 Closed Qualifier
2381965,2025-05-04,TYLOO,Lynn Vision,1,3,ESL Challenger League Season 49 Asia-Pacific
2381964,2025-05-04,TYLOO,The Huns,2,0,ESL Challenger League Season 49 Asia-Pacific
2381962,2025-05-03,TYLOO,Lynn Vision,1,2,ESL Challenger League Season 49 Asia-Pacific
2381958,2025-04-30,TYLOO,Chinggis Warriors,2,1,ESL Challenger League Season 49 Asia-Pacific
2381555,2025-04-17,TYLOO,Rare Atom,2,0,BLAST.tv Austin Major 2025 China Regional Qualifier
2381553,2025-04-16,TYLOO,Lynn Vision,1,2,BLAST.tv Austin Major 2025 China Regional Qualifier
2381552,2025-04-15,TYLOO,DogEvil,1,0,BLAST.tv Austin Major 2025 China Regional Qualifier
2381401,2025-04-09,TYLOO,Lynn Vision,1,0,ESL Challenger League Season 49 Asia-Pacific
2381395,2025-04-09,TYLOO,Lynn Vision,1,0,ESL Challenger League Season 49 Asia-Pacific
2381499,2025-04-08,TYLOO,Shika,2,1,MESA Nomadic Masters Spring 2025 China Open Qualifier
2381390,2025-04-08,TYLOO,THE,1,0,ESL Challenger League Season 49 Asia-Pacific
2381384,2025-04-08,TYLOO,THE,1,0,ESL Challenger League Season 49 Asia-Pacific
2381498,2025-04-08,TYLOO,Nalakuvara,2,0,MESA Nomadic Masters Spring 2025 China Open Qualifier
2380647,2025-04-05,TYLOO,The Huns,13,5,ESL Challenger League Season 49 Asia-Pacific
2380640,2025-04-05,TYLOO,The Huns,16,14,ESL Challenger League Season 49 Asia-Pacific
2381176,2025-04-02,TYLOO,-72c,13,11,ESL Challenger League Season 49 Asia-Pacific
2381171,2025-04-02,TYLOO,-72c,13,4,ESL Challenger League Season 49 Asia-Pacific
2381165,2025-04-01,TYLOO,Gods Reign,13,5,ESL Challenger League Season 49 Asia-Pacific
2381159,2025-04-01,TYLOO,Gods Reign,13,2,ESL Challenger League Season 49 Asia-Pacific
2381031,2025-03-29,TYLOO,DogEvil,1,2,PGL Astana 2025 China Closed Qualifier
2381030,2025-03-28,TYLOO,Lynn Vision,0,2,PGL Astana 2025 China Closed Qualifier
2380932,2025-03-27,TYLOO,Just Swing,2,0,PGL Astana 2025 China Closed Qualifier
2380820,2025-03-26,TYLOO,The QUBE,13,6,ESL Challenger League Season 49 Asia-Pacific
2380813,2025-03-26,TYLOO,The QUBE,13,4,ESL Challenger League Season 49 Asia-Pacific
2380810,2025-03-25,TYLOO,Rare Atom,13,5,ESL Challenger League Season 49 Asia-Pacific
2380803,2025-03-25,TYLOO,Rare Atom,10,13,ESL Challenger League Season 49 Asia-Pacific
2379707,2025-03-24,TYLOO,FengDa,13,11,ESL Challenger League Season 49 Asia-Pacific
2379702,2025-03-24,TYLOO,FengDa,10,13,ESL Challenger League Season 49 Asia-Pacific
2380665,2025-03-19,TYLOO,NinJa,13,11,ESL Challenger League Season 49 Asia-Pacific
2380658,2025-03-19,TYLOO,NinJa,13,4,ESL Challenger League Season 49 Asia-Pacific
2380055,2025-03-09,TYLOO,GamerLegion,0,2,ESL Pro League Season 21
2380047,2025-03-08,TYLOO,Natus Vincere,1,2,ESL Pro League Season 21
2380039,2025-03-07,TYLOO,Spirit,0,2,ESL Pro League Season 21
2380036,2025-03-05,TYLOO,FlyQuest,2,1,ESL Pro League Season 21 Stage 1
2380030,2025-03-04,TYLOO,MIBR,0,2,ESL Pro League Season 21 Stage 1
2380024,2025-03-03,TYLOO,GamerLegion,1,2,ESL Pro League Season 21 Stage 1
2380016,2025-03-02,TYLOO,Eternal Fire,2,0,ESL Pro League Season 21 Stage 1
2379995,2025-03-01,TYLOO,3DMAX,2,0,ESL Pro League Season 21 Stage 1
2379303,2025-02-11,TYLOO,Lynn Vision,1,2,IEM Dallas 2025 Asia Closed Qualifier
2379300,2025-02-11,TYLOO,ATOX,1,2,IEM Dallas 2025 Asia Closed Qualifier
2379189,2025-02-11,TYLOO,Rare Atom,0,2,BLAST Rising Asia 2025 Season 1
2379210,2025-02-08,TYLOO,Fated Rise,2,0,IEM Dallas 2025 Asia Open Qualifier
2379206,2025-02-08,TYLOO,harizma,13,5,IEM Dallas 2025 Asia Open Qualifier
2378540,2025-01-24,TYLOO,Just Swing,13,4,ESL Challenger League Season 49 Asia-Pacific
2378532,2025-01-24,TYLOO,Just Swing,16,13,ESL Challenger League Season 49 Asia-Pacific
2378523,2025-01-23,TYLOO,NomadS,13,7,ESL Challenger League Season 49 Asia-Pacific
2378516,2025-01-23,TYLOO,NomadS,13,4,ESL Challenger League Season 49 Asia-Pacific
2378505,2025-01-22,TYLOO,Chinggis Warriors,13,8,ESL Challenger League Season 49 Asia-Pacific
2378498,2025-01-22,TYLOO,Chinggis Warriors,11,13,ESL Challenger League Season 49 Asia-Pacific
2378495,2025-01-21,TYLOO,harizma,13,8,ESL Challenger League Season 49 Asia-Pacific
2378489,2025-01-21,TYLOO,harizma,13,6,ESL Challenger League Season 49 Asia-Pacific
2378309,2025-01-18,TYLOO,ATOX,0,2,ZOWIE eXTREMESLAND Asia Open 2024
2378302,2025-01-16,TYLOO,IHC,13,9,ZOWIE eXTREMESLAND Asia Open 2024
2378249,2025-01-14,TYLOO,SemperFi,13,6,ZOWIE eXTREMESLAND Asia Open 2024
